{
  "requirements_mtime": 1775140155.1175845,
  "yt_dlp_checked_at": 1775126518.2615695,
  "yt_dlp_refresh_ok": true
}